{
  "custom_cnn": {
    "accuracy": [
      0.06739225435771283,
      0.11845963558150346,
      0.14646100842327905,
      0.16896019215334912,
      0.19891843612798804,
      0.2406250957866112,
      0.2783551805663239,
      0.3118377771640117,
      0.33481906174418136,
      0.3601316219666693,
      0.38833535331385066,
      0.41348597139004994,
      0.45640516468229003,
      0.4741160882637691,
      0.5100722830768889,
      0.5366383973815048,
      0.5603902711003812,
      0.5885148624561214,
      0.5946374899050103,
      0.6118183544733669,
      0.6402935832738973,
      0.663693700192294,
      0.6705834262163123,
      0.6998057339121322,
      0.7286173857496756,
      0.7181650997952902,
      0.7406061930463171,
      0.7432627850174999,
      0.7590457078389397,
      0.7695697934792073
    ],
    "loss": [
      4.936886017409745,
      4.603947897934278,
      4.4318233782525365,
      4.198646650686473,
      4.013943445156377,
      3.932535981209697,
      3.762537963865922,
      3.4875813011801493,
      3.367789983979029,
      3.1721292293885686,
      2.979560330866726,
      2.871382608961948,
      2.6326380141586356,
      2.397319778776654,
      2.3235954630381133,
      2.1110359097234532,
      2.0866090802689845,
      1.9563968147401951,
      1.7734144352869237,
      1.5665259629547312,
      1.5551245297031742,
      1.465121344329985,
      1.290348657977967,
      1.1547317613502905,
      1.0604581916572133,
      1.0177779839424663,
      0.9557550302764988,
      0.9205245349820759,
      0.8761549615592577,
      0.8794198707868172
    ],
    "val_accuracy": [
      0.0717079412810103,
      0.11199560524282176,
      0.1238072066483789,
      0.15619902112199952,
      0.1910175417276498,
      0.2104423536869698,
      0.2626107390539072,
      0.2958370966504957,
      0.3040956200651042,
      0.33827131407310873,
      0.35745084292739016,
      0.37768328024312037,
      0.4115617442682939,
      0.43914365530518523,
      0.4722179544553964,
      0.4763005736929396,
      0.5222391466658237,
      0.5411008195457054,
      0.5385896927398873,
      0.5629436360580387,
      0.5954241139179824,
      0.6095062340636758,
      0.611638748533179,
      0.6290534455984069,
      0.6691653483844078,
      0.6810566991847671,
      0.6753266944765737,
      0.6994272274178238,
      0.6927390602688464,
      0.7044305436506939
    ],
    "val_loss": [
      4.944564696612494,
      4.756949550694031,
      4.4582044280079565,
      4.358633089036893,
      4.111000264471544,
      3.977957482698356,
      3.780059870794434,
      3.548945826497063,
      3.4328198744057676,
      3.1873046995311904,
      3.0698233302947937,
      2.918162172143842,
      2.772049942738397,
      2.5355805509934233,
      2.36945460191101,
      2.2539975893598303,
      2.143892389469247,
      1.9835111276934954,
      1.788409096543468,
      1.7743417034012774,
      1.5550669855874786,
      1.4760263210327709,
      1.3471680737648493,
      1.2995458434766074,
      1.2730002294713278,
      1.1305997939733199,
      1.0560946641881845,
      0.9200479360635386,
      1.0152516745397124,
      0.8638626461468856
    ]
  },
  "vgg_style_cnn": {
    "accuracy": [
      0.07962802572129694,
      0.12871371780107038,
      0.15592311530281114,
      0.21905323775496074,
      0.2376479159474118,
      0.27138894991079854,
      0.3100377020608709,
      0.36582893023765667,
      0.39567416542190187,
      0.4371083062014344,
      0.4810672134001735,
      0.5014312375547976,
      0.5399897993857447,
      0.578886329014821,
      0.5883903526557923,
      0.6260302400711069,
      0.6649838145304979,
      0.677610086767177,
      0.6959746998266638,
      0.7331501992678778,
      0.7490811736312334,
      0.7807039620180128,
      0.7966298752422284,
      0.8169986149151668,
      0.8226198511379618,
      0.8398672186328087,
      0.836991929465704,
      0.8609356282464763
    ],
    "loss": [
      4.814962759871633,
      4.567808264558048,
      4.309437974190828,
      4.029110286421196,
      3.8560307648719907,
      3.6217705145395174,
      3.4866449037115435,
      3.247384903754562,
      3.03092629475694,
      2.878390706060872,
      2.7218805776195807,
      2.559208553020145,
      2.395198427036168,
      2.188375065819915,
      1.9822760199399228,
      1.8184484263212908,
      1.7561615634776722,
      1.5657373999561501,
      1.3607709501561478,
      1.2023353582251535,
      1.109709918767768,
      1.0907553037477162,
      0.90209327793426,
      0.7843420017338762,
      0.7506771356969787,
      0.7364392737056914,
      0.6721517066897249,
      0.6756873663721354
    ],
    "val_accuracy": [
      0.08039122851265149,
      0.11319585825344894,
      0.16742935887942897,
      0.18741999746074314,
      0.23314336885817208,
      0.2610318332306195,
      0.2953835199205205,
      0.3354190904191099,
      0.353919621826471,
      0.3987078545248608,
      0.43795920005273464,
      0.46335911848445516,
      0.4922895704981952,
      0.517893593063412,
      0.5453807540236961,
      0.5779113683493332,
      0.5974515759392824,
      0.6272164037074008,
      0.6505678584464104,
      0.682195887471694,
      0.683754003676181,
      0.6939824605999543,
      0.7312106336973686,
      0.7452655640960467,
      0.7547788123224378,
      0.7559817410978398,
      0.7784595777453044,
      0.7772121815309839
    ],
    "val_loss": [
      4.778805685806409,
      4.498686577804635,
      4.248655173391559,
      4.078526312575395,
      3.8615455672601406,
      3.6786931767149356,
      3.5287828755478907,
      3.293449270317202,
      3.098319933900522,
      2.857708617042246,
      2.662668186526624,
      2.507553266052143,
      2.313554818255147,
      2.2539626335384955,
      2.1007206590772425,
      1.9217310862284676,
      1.727007883563372,
      1.617745066082054,
      1.4988531952500161,
      1.3218720057960514,
      1.2950375712776085,
      1.0393396949413296,
      0.9962143473053058,
      0.9978939983059943,
      0.8391906720397354,
      0.7692073573315654,
      0.6717776571076745,
      0.6378681689030125
    ]
  },
  "resnet50": {
    "accuracy": [
      0.08348353870495692,
      0.15129593466100652,
      0.1855784571953034,
      0.22796717621318408,
      0.2961565400518474,
      0.3409265969911291,
      0.38001775752724704,
      0.4217378038568509,
      0.471061406430642,
      0.4976338283432333,
      0.5462201594983065,
      0.5680434440889599,
      0.6259391639199838,
      0.6446837304002131,
      0.6966050873264678,
      0.7267946045040993,
      0.7413387249745168,
      0.7913583879208688,
      0.8165836418153091,
      0.8185031805206111,
      0.861254561439717,
      0.8726450146491288,
      0.8817448106212016,
      0.9005060006027888,
      0.9213988125064194,
      0.9354639613160705
    ],
    "loss": [
      4.486841903692363,
      4.164712691845154,
      4.024003596126591,
      3.792734446736151,
      3.4345946690935327,
      3.243737226617435,
      3.046831272588047,
      2.8192203195937147,
      2.580920820912524,
      2.4614278449357485,
      2.1581587787121332,
      2.0829929865741095,
      1.8698079567972392,
      1.7107270945724833,
      1.495413514711161,
      1.2740780326099583,
      1.149621829739063,
      1.0423887941898395,
      0.8850044038399345,
      0.7019846721590036,
      0.6122344310381276,
      0.5007276149713042,
      0.3557360193175591,
      0.36323433044666364,
      0.2459098619574887,
      0.1610324229272969
    ],