{
  "optimal_threshold": 9.835532958734893,
  "error_mean": 4.03451696739385,
  "error_std": 18.997991560648977
}