Model,Accuracy,Precision,Recall,F1,ROC-AUC,PR-AUC
ML: xgboost_tuned,0.9695702238629051,0.5490339044841415,0.7289448209099709,0.6263256394260761,0.9499938753431286,0.7455667048688513
ML: xgboost,0.9452026958377079,0.36607142857142855,0.7739593417231365,0.49704693814112527,0.9463674474088088,0.7103948310031521
ML: lightgbm,0.9152639956649846,0.262911555842479,0.7884801548886737,0.39433551198257083,0.9357561460095095,0.6425856855663964
ML: catboost,0.899617299420869,0.22863968521641373,0.787512100677638,0.35438902199956435,0.9254615159550921,0.5984826549881966
ML: random_forest,0.9274392928506113,0.27352520922637275,0.648596321393998,0.38478104809763103,0.8944838916173381,0.537432580900729
DL: mlp,0.84470145968097,0.14676344834443672,0.7144240077444337,0.24350408314773572,0.8676851373951385,0.4479710918783031
DL: deep_nn,0.9706709113692552,0.9260204081632653,0.17570183930300096,0.29536208299430433,0.8548547966247,0.4341550338217016
ML: logistic_regression,0.8165577268262946,0.12214464270321523,0.685866408518877,0.20736079607814445,0.8306386711667224,0.32259598152187763
DL: autoencoder,0.9154163985504792,0.17706725468577728,0.3886737657308809,0.24329647023178305,0.7707162293163942,0.14540234230033222
