{
  "best_dl_model": "Basic MLP",
  "roc_auc": 0.8830505432158375,
  "pr_auc": 0.4690461193452169,
  "f1": 0.2543163407249816
}