{
  "best_ml_model": "XGBoost (Tuned)",
  "roc_auc": 0.957105601682435,
  "pr_auc": 0.7665836017783352,
  "f1": 0.6512013256006628
}