{
  "final_features": [
    "V167",
    "C10",
    "V170",
    "D8",
    "Amount_Hour_Interaction",
    "V308",
    "V264",
    "Card_Combination",
    "V17",
    "V222",
    "V38",
    "V217",
    "D_Sum",
    "V245",
    "V229",
    "V31",
    "V259",
    "V310",
    "V219",
    "V15",
    "V80",
    "V188",
    "D4",
    "V218",
    "V244",
    "TransactionAmt_Log",
    "V295",
    "V263",
    "V133",
    "V273",
    "V230",
    "C7",
    "V176",
    "V177",
    "V171",
    "V207",
    "V306",
    "V134",
    "V202",
    "V228",
    "V236",
    "V243",
    "V242",
    "V246",
    "V77",
    "V318",
    "V86",
    "D1",
    "V_Sum",
    "V283",
    "TransactionAmt_Decimal",
    "V87",
    "V178",
    "C12",
    "V257",
    "ProductCD",
    "card3",
    "TransactionID",
    "V199",
    "V274",
    "V212",
    "C4",
    "D10",
    "V302",
    "V294",
    "V44",
    "D2",
    "V200",
    "card2",
    "V258",
    "M4",
    "V317",
    "V190",
    "C8",
    "V280",
    "C1",
    "V39",
    "V187",
    "V232",
    "V231",
    "V203",
    "V307",
    "D15",
    "V168",
    "card1",
    "V186",
    "V37",
    "V45",
    "V211",
    "TransactionAmt",
    "V50"
  ],
  "n_features": 91,
  "train_shape": [
    472432,
    91
  ],
  "val_shape": [
    59054,
    91
  ],
  "holdout_shape": [
    59054,
    91
  ],
  "test_shape": [
    506691,
    91
  ],
  "target_column": "isFraud",
  "fraud_rate_train": 0.03498916246147594,
  "fraud_rate_val": 0.035001862701933825
}