model,accuracy,precision,recall,f1,roc_auc,pr_auc,train_time
XGBoost (Tuned),0.97148372675856,0.569358927924665,0.760522496371553,0.6512013256006628,0.957105601682435,0.7665836017783352,18.827507972717285
XGBoost,0.9473363362346328,0.3798663902326653,0.7977745524915336,0.514669163545568,0.9536614326751831,0.7298903638443228,23.854615688323975
LightGBM,0.9163138822095032,0.2694466720128308,0.8127721335268505,0.40472175379426645,0.9435395466873682,0.6645978536907516,6.408592224121094
CatBoost,0.9008703898127138,0.23402163225172073,0.8059990324141267,0.36272588721968213,0.9335789235968389,0.6249456190168668,32.738792181015015
Random Forest,0.9305042842144478,0.29243937232524964,0.6942428640541848,0.41152853455692573,0.9078260016847136,0.5723822825148973,50.77561044692993
Logistic Regression,0.8185728316456125,0.12814999569966457,0.7208514755684567,0.2176135533810428,0.8452836606765127,0.3483756229713568,68.22561049461365
