{
  "model_name": "Simple MLP",
  "test_rmse": 8.706170307788762,
  "test_mae": 6.048490524291992,
  "test_r2": 0.35252684354782104
}