{
  "model_name": "XGBoost",
  "test_rmse": 8.63371522076004,
  "test_mae": 6.089813709259033,
  "test_r2": 0.36325889825820923
}